time_s,sample,score,score_full
24.4,97600,0.6458585945632294,-0.07230117191255593
43.6,174400,0.6563483451147988,0.010340536201296055
70.7,282800,0.6563483451147987,-0.04598192684726404
